run_id,IC,IR,Turnover,Score,PassGates,SanityStatus
alpha_001_reversal_vwap,0.17898595414262633,1.3837070264805686,15.20969259927238,0.0,False,PASS
alpha_002_reversal_momentum,0.7831796542846973,3.9786421699774692,7.056850278527583,155.5133971872039,True,PASS
alpha_003_pv_interaction,-1.3737700234123702,-10.838328645569153,18.04490717107755,0.0,False,PASS
alpha_004_pv_turnover_vwap,0.2790766555190331,2.1758524446713117,15.10823374097308,0.0,False,PASS
alpha_005_intraday_position,-0.9437598377095575,-7.993911821145296,14.076671355104008,0.0,False,PASS
alpha_006_vol_conditioned,-0.40274486286066824,-3.398994308104397,14.656294411463955,0.0,False,PASS
alpha_007_intraday_open_mom,-1.7508010760595327,-12.644420034693105,18.511289785355277,0.0,False,PASS
alpha_008_multi_horizon,0.8708536133801922,4.757827750413383,9.910798087600611,188.87357536329273,True,PASS
